,date,sales
0,2014-01-01 05:49:12,1742
1,2014-01-02 05:49:12,1808
2,2014-01-03 05:49:12,1887
3,2014-01-04 05:49:12,1983
4,2014-01-05 05:49:12,2087
5,2014-01-06 05:49:12,2206
6,2014-01-07 05:49:12,1496
7,2014-01-08 05:49:12,1800
8,2014-01-09 05:49:12,1786
9,2014-01-10 05:49:12,1956
10,2014-01-11 05:49:12,1989
11,2014-01-12 05:49:12,2166
12,2014-01-13 05:49:12,2258
13,2014-01-14 05:49:12,1504
14,2014-01-15 05:49:12,1766
15,2014-01-16 05:49:12,1749
16,2014-01-17 05:49:12,1826
17,2014-01-18 05:49:12,2058
18,2014-01-19 05:49:12,2125
19,2014-01-20 05:49:12,2236
20,2014-01-21 05:49:12,1546
21,2014-01-22 05:49:12,1732
22,2014-01-23 05:49:12,1744
23,2014-01-24 05:49:12,1792
24,2014-01-25 05:49:12,2062
25,2014-01-26 05:49:12,2164
26,2014-01-27 05:49:12,2289
27,2014-01-28 05:49:12,1503
28,2014-01-29 05:49:12,1748
29,2014-01-30 05:49:12,1722
30,2014-01-31 05:49:12,1790
31,2014-02-01 05:49:12,2241
32,2014-02-02 05:49:12,2488
33,2014-02-03 05:49:12,2566
34,2014-02-04 05:49:12,1655
35,2014-02-05 05:49:12,1929
36,2014-02-06 05:49:12,2004
37,2014-02-07 05:49:12,2127
38,2014-02-08 05:49:12,2172
39,2014-02-09 05:49:12,2306
40,2014-02-10 05:49:12,2578
41,2014-02-11 05:49:12,1728
42,2014-02-12 05:49:12,1940
43,2014-02-13 05:49:12,1971
44,2014-02-14 05:49:12,2055
45,2014-02-15 05:49:12,2285
46,2014-02-16 05:49:12,2449
47,2014-02-17 05:49:12,2513
48,2014-02-18 05:49:12,1648
49,2014-02-19 05:49:12,1966
50,2014-02-20 05:49:12,1917
51,2014-02-21 05:49:12,2094
52,2014-02-22 05:49:12,2275
53,2014-02-23 05:49:12,2320
54,2014-02-24 05:49:12,2563
55,2014-02-25 05:49:12,1653
56,2014-02-26 05:49:12,1942
57,2014-02-27 05:49:12,1956
58,2014-02-28 05:49:12,2043
59,2014-03-01 05:49:12,2732
60,2014-03-02 05:49:12,2905
61,2014-03-03 05:49:12,3035
62,2014-03-04 05:49:12,2023
63,2014-03-05 05:49:12,2340
64,2014-03-06 05:49:12,2390
65,2014-03-07 05:49:12,2428
66,2014-03-08 05:49:12,2653
67,2014-03-09 05:49:12,2860
68,2014-03-10 05:49:12,2980
69,2014-03-11 05:49:12,1965
70,2014-03-12 05:49:12,2302
71,2014-03-13 05:49:12,2412
72,2014-03-14 05:49:12,2423
73,2014-03-15 05:49:12,2669
74,2014-03-16 05:49:12,2801
75,2014-03-17 05:49:12,3020
76,2014-03-18 05:49:12,2025
77,2014-03-19 05:49:12,2313
78,2014-03-20 05:49:12,2337
79,2014-03-21 05:49:12,2543
80,2014-03-22 05:49:12,2706
81,2014-03-23 05:49:12,2864
82,2014-03-24 05:49:12,2977
83,2014-03-25 05:49:12,1998
84,2014-03-26 05:49:12,2430
85,2014-03-27 05:49:12,2360
86,2014-03-28 05:49:12,2588
87,2014-03-29 05:49:12,2655
88,2014-03-30 05:49:12,2875
89,2014-03-31 05:49:12,3000
90,2014-04-01 05:49:12,2471
91,2014-04-02 05:49:12,2736
92,2014-04-03 05:49:12,2719
93,2014-04-04 05:49:12,2952
94,2014-04-05 05:49:12,3077
95,2014-04-06 05:49:12,3302
96,2014-04-07 05:49:12,3414
97,2014-04-08 05:49:12,2336
98,2014-04-09 05:49:12,2779
99,2014-04-10 05:49:12,2685
100,2014-04-11 05:49:12,3036
101,2014-04-12 05:49:12,3170
102,2014-04-13 05:49:12,3250
103,2014-04-14 05:49:12,3667
104,2014-04-15 05:49:12,2284
105,2014-04-16 05:49:12,2736
106,2014-04-17 05:49:12,2684
107,2014-04-18 05:49:12,2931
108,2014-04-19 05:49:12,3119
109,2014-04-20 05:49:12,3329
110,2014-04-21 05:49:12,3566
111,2014-04-22 05:49:12,2341
112,2014-04-23 05:49:12,2773
113,2014-04-24 05:49:12,2646
114,2014-04-25 05:49:12,2907
115,2014-04-26 05:49:12,3138
116,2014-04-27 05:49:12,3309
117,2014-04-28 05:49:12,3588
118,2014-04-29 05:49:12,2347
119,2014-04-30 05:49:12,2695
120,2014-05-01 05:49:12,2971
121,2014-05-02 05:49:12,3184
122,2014-05-03 05:49:12,3379
123,2014-05-04 05:49:12,3618
124,2014-05-05 05:49:12,3814
125,2014-05-06 05:49:12,2476
126,2014-05-07 05:49:12,2942
127,2014-05-08 05:49:12,2908
128,2014-05-09 05:49:12,3088
129,2014-05-10 05:49:12,3421
130,2014-05-11 05:49:12,3549
131,2014-05-12 05:49:12,3717
132,2014-05-13 05:49:12,2474
133,2014-05-14 05:49:12,2973
134,2014-05-15 05:49:12,2953
135,2014-05-16 05:49:12,3178
136,2014-05-17 05:49:12,3301
137,2014-05-18 05:49:12,3611
138,2014-05-19 05:49:12,3720
139,2014-05-20 05:49:12,2581
140,2014-05-21 05:49:12,2828
141,2014-05-22 05:49:12,2894
142,2014-05-23 05:49:12,3130
143,2014-05-24 05:49:12,3369
144,2014-05-25 05:49:12,3576
145,2014-05-26 05:49:12,3747
146,2014-05-27 05:49:12,2472
147,2014-05-28 05:49:12,3003
148,2014-05-29 05:49:12,2980
149,2014-05-30 05:49:12,3155
150,2014-05-31 05:49:12,3349
151,2014-06-01 05:49:12,3696
152,2014-06-02 05:49:12,4164
153,2014-06-03 05:49:12,2647
154,2014-06-04 05:49:12,3100
155,2014-06-05 05:49:12,3142
156,2014-06-06 05:49:12,3363
157,2014-06-07 05:49:12,3606
158,2014-06-08 05:49:12,3770
159,2014-06-09 05:49:12,3927
160,2014-06-10 05:49:12,2653
161,2014-06-11 05:49:12,3245
162,2014-06-12 05:49:12,3172
163,2014-06-13 05:49:12,3277
164,2014-06-14 05:49:12,3502
165,2014-06-15 05:49:12,3781
166,2014-06-16 05:49:12,4039
167,2014-06-17 05:49:12,2611
168,2014-06-18 05:49:12,3064
169,2014-06-19 05:49:12,3073
170,2014-06-20 05:49:12,3339
171,2014-06-21 05:49:12,3507
172,2014-06-22 05:49:12,3775
173,2014-06-23 05:49:12,4046
174,2014-06-24 05:49:12,2690
175,2014-06-25 05:49:12,3068
176,2014-06-26 05:49:12,3152
177,2014-06-27 05:49:12,3388
178,2014-06-28 05:49:12,3564
179,2014-06-29 05:49:12,3687
180,2014-06-30 05:49:12,4110
181,2014-07-01 05:49:12,2781
182,2014-07-02 05:49:12,3290
183,2014-07-03 05:49:12,3323
184,2014-07-04 05:49:12,3535
185,2014-07-05 05:49:12,3752
186,2014-07-06 05:49:12,4038
187,2014-07-07 05:49:12,4139
188,2014-07-08 05:49:12,2811
189,2014-07-09 05:49:12,3298
190,2014-07-10 05:49:12,3231
191,2014-07-11 05:49:12,3577
192,2014-07-12 05:49:12,3759
193,2014-07-13 05:49:12,4034
194,2014-07-14 05:49:12,4194
195,2014-07-15 05:49:12,2871
196,2014-07-16 05:49:12,3291
197,2014-07-17 05:49:12,3251
198,2014-07-18 05:49:12,3485
199,2014-07-19 05:49:12,3845
200,2014-07-20 05:49:12,4041
201,2014-07-21 05:49:12,4174
202,2014-07-22 05:49:12,2861
203,2014-07-23 05:49:12,3319
204,2014-07-24 05:49:12,3369
205,2014-07-25 05:49:12,3653
206,2014-07-26 05:49:12,3858
207,2014-07-27 05:49:12,4130
208,2014-07-28 05:49:12,4206
209,2014-07-29 05:49:12,2859
210,2014-07-30 05:49:12,3298
211,2014-07-31 05:49:12,3372
212,2014-08-01 05:49:12,3120
213,2014-08-02 05:49:12,3344
214,2014-08-03 05:49:12,3513
215,2014-08-04 05:49:12,3714
216,2014-08-05 05:49:12,2428
217,2014-08-06 05:49:12,2838
218,2014-08-07 05:49:12,2817
219,2014-08-08 05:49:12,3200
220,2014-08-09 05:49:12,3300
221,2014-08-10 05:49:12,3518
222,2014-08-11 05:49:12,3818
223,2014-08-12 05:49:12,2488
224,2014-08-13 05:49:12,2825
225,2014-08-14 05:49:12,2951
226,2014-08-15 05:49:12,3075
227,2014-08-16 05:49:12,3339
228,2014-08-17 05:49:12,3512
229,2014-08-18 05:49:12,3802
230,2014-08-19 05:49:12,2557
231,2014-08-20 05:49:12,2912
232,2014-08-21 05:49:12,2821
233,2014-08-22 05:49:12,3072
234,2014-08-23 05:49:12,3304
235,2014-08-24 05:49:12,3632
236,2014-08-25 05:49:12,3706
237,2014-08-26 05:49:12,2488
238,2014-08-27 05:49:12,2943
239,2014-08-28 05:49:12,2971
240,2014-08-29 05:49:12,3111
241,2014-08-30 05:49:12,3328
242,2014-08-31 05:49:12,3545
243,2014-09-01 05:49:12,3530
244,2014-09-02 05:49:12,2363
245,2014-09-03 05:49:12,2845
246,2014-09-04 05:49:12,2729
247,2014-09-05 05:49:12,2978
248,2014-09-06 05:49:12,3088
249,2014-09-07 05:49:12,3243
250,2014-09-08 05:49:12,3514
251,2014-09-09 05:49:12,2350
252,2014-09-10 05:49:12,2771
253,2014-09-11 05:49:12,2740
254,2014-09-12 05:49:12,2849
255,2014-09-13 05:49:12,3091
256,2014-09-14 05:49:12,3256
257,2014-09-15 05:49:12,3561
258,2014-09-16 05:49:12,2322
259,2014-09-17 05:49:12,2679
260,2014-09-18 05:49:12,2677
261,2014-09-19 05:49:12,2988
262,2014-09-20 05:49:12,3178
263,2014-09-21 05:49:12,3338
264,2014-09-22 05:49:12,3473
265,2014-09-23 05:49:12,2388
266,2014-09-24 05:49:12,2752
267,2014-09-25 05:49:12,2727
268,2014-09-26 05:49:12,2969
269,2014-09-27 05:49:12,3090
270,2014-09-28 05:49:12,3258
271,2014-09-29 05:49:12,3561
272,2014-09-30 05:49:12,2365
273,2014-10-01 05:49:12,2487
274,2014-10-02 05:49:12,2589
275,2014-10-03 05:49:12,2732
276,2014-10-04 05:49:12,2854
277,2014-10-05 05:49:12,3105
278,2014-10-06 05:49:12,3178
279,2014-10-07 05:49:12,2197
280,2014-10-08 05:49:12,2517
281,2014-10-09 05:49:12,2582
282,2014-10-10 05:49:12,2713
283,2014-10-11 05:49:12,2823
284,2014-10-12 05:49:12,3074
285,2014-10-13 05:49:12,3173
286,2014-10-14 05:49:12,2164
287,2014-10-15 05:49:12,2582
288,2014-10-16 05:49:12,2521
289,2014-10-17 05:49:12,2698
290,2014-10-18 05:49:12,2795
291,2014-10-19 05:49:12,3098
292,2014-10-20 05:49:12,3213
293,2014-10-21 05:49:12,2195
294,2014-10-22 05:49:12,2515
295,2014-10-23 05:49:12,2568
296,2014-10-24 05:49:12,2706
297,2014-10-25 05:49:12,2865
298,2014-10-26 05:49:12,3010
299,2014-10-27 05:49:12,3155
300,2014-10-28 05:49:12,2130
301,2014-10-29 05:49:12,2574
302,2014-10-30 05:49:12,2585
303,2014-10-31 05:49:12,2695
304,2014-11-01 05:49:12,3052
305,2014-11-02 05:49:12,3258
306,2014-11-03 05:49:12,3484
307,2014-11-04 05:49:12,2359
308,2014-11-05 05:49:12,2751
309,2014-11-06 05:49:12,2626
310,2014-11-07 05:49:12,2889
311,2014-11-08 05:49:12,3179
312,2014-11-09 05:49:12,3432
313,2014-11-10 05:49:12,3512
314,2014-11-11 05:49:12,2293
315,2014-11-12 05:49:12,2714
316,2014-11-13 05:49:12,2715
317,2014-11-14 05:49:12,2916
318,2014-11-15 05:49:12,3103
319,2014-11-16 05:49:12,3346
320,2014-11-17 05:49:12,3585
321,2014-11-18 05:49:12,2418
322,2014-11-19 05:49:12,2833
323,2014-11-20 05:49:12,2730
324,2014-11-21 05:49:12,2888
325,2014-11-22 05:49:12,3051
326,2014-11-23 05:49:12,3292
327,2014-11-24 05:49:12,3444
328,2014-11-25 05:49:12,2319
329,2014-11-26 05:49:12,2764
330,2014-11-27 05:49:12,2790
331,2014-11-28 05:49:12,2884
332,2014-11-29 05:49:12,3019
333,2014-11-30 05:49:12,3228
334,2014-12-01 05:49:12,2515
335,2014-12-02 05:49:12,1770
336,2014-12-03 05:49:12,1946
337,2014-12-04 05:49:12,1926
338,2014-12-05 05:49:12,2080
339,2014-12-06 05:49:12,2183
340,2014-12-07 05:49:12,2394
341,2014-12-08 05:49:12,2379
342,2014-12-09 05:49:12,1563
343,2014-12-10 05:49:12,1932
344,2014-12-11 05:49:12,2021
345,2014-12-12 05:49:12,2120
346,2014-12-13 05:49:12,2209
347,2014-12-14 05:49:12,2322
348,2014-12-15 05:49:12,2512
349,2014-12-16 05:49:12,1731
350,2014-12-17 05:49:12,1869
351,2014-12-18 05:49:12,1940
352,2014-12-19 05:49:12,2096
353,2014-12-20 05:49:12,2234
354,2014-12-21 05:49:12,2421
355,2014-12-22 05:49:12,2547
356,2014-12-23 05:49:12,1699
357,2014-12-24 05:49:12,1941
358,2014-12-25 05:49:12,1977
359,2014-12-26 05:49:12,2094
360,2014-12-27 05:49:12,2143
361,2014-12-28 05:49:12,2368
362,2014-12-29 05:49:12,2393
363,2014-12-30 05:49:12,1663
364,2014-12-31 05:49:12,1954
365,2015-01-01 05:49:12,1937
366,2015-01-02 05:49:12,2167
367,2015-01-03 05:49:12,2355
368,2015-01-04 05:49:12,2475
369,2015-01-05 05:49:12,2545
370,2015-01-06 05:49:12,1695
371,2015-01-07 05:49:12,2009
372,2015-01-08 05:49:12,1966
373,2015-01-09 05:49:12,2227
374,2015-01-10 05:49:12,2280
375,2015-01-11 05:49:12,2375
376,2015-01-12 05:49:12,2539
377,2015-01-13 05:49:12,1745
378,2015-01-14 05:49:12,1987
379,2015-01-15 05:49:12,1970
380,2015-01-16 05:49:12,2079
381,2015-01-17 05:49:12,2322
382,2015-01-18 05:49:12,2453
383,2015-01-19 05:49:12,2572
384,2015-01-20 05:49:12,1777
385,2015-01-21 05:49:12,1975
386,2015-01-22 05:49:12,1982
387,2015-01-23 05:49:12,2161
388,2015-01-24 05:49:12,2343
389,2015-01-25 05:49:12,2538
390,2015-01-26 05:49:12,2565
391,2015-01-27 05:49:12,1711
392,2015-01-28 05:49:12,2076
393,2015-01-29 05:49:12,2042
394,2015-01-30 05:49:12,2160
395,2015-01-31 05:49:12,2287
396,2015-02-01 05:49:12,2773
397,2015-02-02 05:49:12,2947
398,2015-02-03 05:49:12,1880
399,2015-02-04 05:49:12,2214
400,2015-02-05 05:49:12,2214
401,2015-02-06 05:49:12,2335
402,2015-02-07 05:49:12,2600
403,2015-02-08 05:49:12,2751
404,2015-02-09 05:49:12,2967
405,2015-02-10 05:49:12,1856
406,2015-02-11 05:49:12,2217
407,2015-02-12 05:49:12,2197
408,2015-02-13 05:49:12,2404
409,2015-02-14 05:49:12,2502
410,2015-02-15 05:49:12,2675
411,2015-02-16 05:49:12,2836
412,2015-02-17 05:49:12,1954
413,2015-02-18 05:49:12,2224
414,2015-02-19 05:49:12,2218
415,2015-02-20 05:49:12,2384
416,2015-02-21 05:49:12,2598
417,2015-02-22 05:49:12,2648
418,2015-02-23 05:49:12,2826
419,2015-02-24 05:49:12,1911
420,2015-02-25 05:49:12,2350
421,2015-02-26 05:49:12,2302
422,2015-02-27 05:49:12,2332
423,2015-02-28 05:49:12,2490
424,2015-03-01 05:49:12,3312
425,2015-03-02 05:49:12,3545
426,2015-03-03 05:49:12,2310
427,2015-03-04 05:49:12,2746
428,2015-03-05 05:49:12,2647
429,2015-03-06 05:49:12,2867
430,2015-03-07 05:49:12,3039
431,2015-03-08 05:49:12,3270
432,2015-03-09 05:49:12,3488
433,2015-03-10 05:49:12,2237
434,2015-03-11 05:49:12,2707
435,2015-03-12 05:49:12,2705
436,2015-03-13 05:49:12,2831
437,2015-03-14 05:49:12,3082
438,2015-03-15 05:49:12,3329
439,2015-03-16 05:49:12,3414
440,2015-03-17 05:49:12,2277
441,2015-03-18 05:49:12,2724
442,2015-03-19 05:49:12,2700
443,2015-03-20 05:49:12,2931
444,2015-03-21 05:49:12,2993
445,2015-03-22 05:49:12,3284
446,2015-03-23 05:49:12,3449
447,2015-03-24 05:49:12,2250
448,2015-03-25 05:49:12,2609
449,2015-03-26 05:49:12,2669
450,2015-03-27 05:49:12,2854
451,2015-03-28 05:49:12,3133
452,2015-03-29 05:49:12,3279
453,2015-03-30 05:49:12,3576
454,2015-03-31 05:49:12,2290
455,2015-04-01 05:49:12,3063
456,2015-04-02 05:49:12,3135
457,2015-04-03 05:49:12,3326
458,2015-04-04 05:49:12,3505
459,2015-04-05 05:49:12,3852
460,2015-04-06 05:49:12,4084
461,2015-04-07 05:49:12,2726
462,2015-04-08 05:49:12,3160
463,2015-04-09 05:49:12,3198
464,2015-04-10 05:49:12,3319
465,2015-04-11 05:49:12,3572
466,2015-04-12 05:49:12,3902
467,2015-04-13 05:49:12,4104
468,2015-04-14 05:49:12,2679
469,2015-04-15 05:49:12,3207
470,2015-04-16 05:49:12,3137
471,2015-04-17 05:49:12,3494
472,2015-04-18 05:49:12,3524
473,2015-04-19 05:49:12,3813
474,2015-04-20 05:49:12,3904
475,2015-04-21 05:49:12,2706
476,2015-04-22 05:49:12,3161
477,2015-04-23 05:49:12,3130
478,2015-04-24 05:49:12,3350
479,2015-04-25 05:49:12,3567
480,2015-04-26 05:49:12,3751
481,2015-04-27 05:49:12,4096
482,2015-04-28 05:49:12,2794
483,2015-04-29 05:49:12,3149
484,2015-04-30 05:49:12,3056
485,2015-05-01 05:49:12,3709
486,2015-05-02 05:49:12,3900
487,2015-05-03 05:49:12,4031
488,2015-05-04 05:49:12,4295
489,2015-05-05 05:49:12,2942
490,2015-05-06 05:49:12,3468
491,2015-05-07 05:49:12,3405
492,2015-05-08 05:49:12,3614
493,2015-05-09 05:49:12,3770
494,2015-05-10 05:49:12,4017
495,2015-05-11 05:49:12,4323
496,2015-05-12 05:49:12,2993
497,2015-05-13 05:49:12,3340
498,2015-05-14 05:49:12,3267
499,2015-05-15 05:49:12,3571
500,2015-05-16 05:49:12,3749
501,2015-05-17 05:49:12,4104
502,2015-05-18 05:49:12,4258
503,2015-05-19 05:49:12,2930
504,2015-05-20 05:49:12,3294
505,2015-05-21 05:49:12,3389
506,2015-05-22 05:49:12,3581
507,2015-05-23 05:49:12,3784
508,2015-05-24 05:49:12,4120
509,2015-05-25 05:49:12,4302
510,2015-05-26 05:49:12,2840
511,2015-05-27 05:49:12,3415
512,2015-05-28 05:49:12,3444
513,2015-05-29 05:49:12,3600
514,2015-05-30 05:49:12,3757
515,2015-05-31 05:49:12,4057
516,2015-06-01 05:49:12,4606
517,2015-06-02 05:49:12,3096
518,2015-06-03 05:49:12,3552
519,2015-06-04 05:49:12,3525
520,2015-06-05 05:49:12,3731
521,2015-06-06 05:49:12,4194
522,2015-06-07 05:49:12,4210
523,2015-06-08 05:49:12,4587
524,2015-06-09 05:49:12,3034
525,2015-06-10 05:49:12,3627
526,2015-06-11 05:49:12,3615
527,2015-06-12 05:49:12,3870
528,2015-06-13 05:49:12,4091
529,2015-06-14 05:49:12,4386
530,2015-06-15 05:49:12,4696
531,2015-06-16 05:49:12,3147
532,2015-06-17 05:49:12,3611
533,2015-06-18 05:49:12,3621
534,2015-06-19 05:49:12,3880
535,2015-06-20 05:49:12,4136
536,2015-06-21 05:49:12,4414
537,2015-06-22 05:49:12,4501
538,2015-06-23 05:49:12,3027
539,2015-06-24 05:49:12,3591
540,2015-06-25 05:49:12,3603
541,2015-06-26 05:49:12,3981
542,2015-06-27 05:49:12,4084
543,2015-06-28 05:49:12,4407
544,2015-06-29 05:49:12,4644
545,2015-06-30 05:49:12,3023
546,2015-07-01 05:49:12,3784
547,2015-07-02 05:49:12,3873
548,2015-07-03 05:49:12,4040
549,2015-07-04 05:49:12,4358
550,2015-07-05 05:49:12,4545
551,2015-07-06 05:49:12,4985
552,2015-07-07 05:49:12,3272
553,2015-07-08 05:49:12,3808
554,2015-07-09 05:49:12,3908
555,2015-07-10 05:49:12,4147
556,2015-07-11 05:49:12,4428
557,2015-07-12 05:49:12,4621
558,2015-07-13 05:49:12,4791
559,2015-07-14 05:49:12,3262
560,2015-07-15 05:49:12,3910
561,2015-07-16 05:49:12,3749
562,2015-07-17 05:49:12,4125
563,2015-07-18 05:49:12,4433
564,2015-07-19 05:49:12,4593
565,2015-07-20 05:49:12,4814
566,2015-07-21 05:49:12,3201
567,2015-07-22 05:49:12,3773
568,2015-07-23 05:49:12,3699
569,2015-07-24 05:49:12,4081
570,2015-07-25 05:49:12,4377
571,2015-07-26 05:49:12,4556
572,2015-07-27 05:49:12,4895
573,2015-07-28 05:49:12,3235
574,2015-07-29 05:49:12,3764
575,2015-07-30 05:49:12,3896
576,2015-07-31 05:49:12,4101
577,2015-08-01 05:49:12,3849
578,2015-08-02 05:49:12,4114
579,2015-08-03 05:49:12,4291
580,2015-08-04 05:49:12,2929
581,2015-08-05 05:49:12,3316
582,2015-08-06 05:49:12,3346
583,2015-08-07 05:49:12,3608
584,2015-08-08 05:49:12,3759
585,2015-08-09 05:49:12,3997
586,2015-08-10 05:49:12,4230
587,2015-08-11 05:49:12,2889
588,2015-08-12 05:49:12,3428
589,2015-08-13 05:49:12,3350
590,2015-08-14 05:49:12,3538
591,2015-08-15 05:49:12,3762
592,2015-08-16 05:49:12,3955
593,2015-08-17 05:49:12,4405
594,2015-08-18 05:49:12,2870
595,2015-08-19 05:49:12,3339
596,2015-08-20 05:49:12,3325
597,2015-08-21 05:49:12,3618
598,2015-08-22 05:49:12,3711
599,2015-08-23 05:49:12,3996
600,2015-08-24 05:49:12,4296
601,2015-08-25 05:49:12,2806
602,2015-08-26 05:49:12,3337
603,2015-08-27 05:49:12,3338
604,2015-08-28 05:49:12,3566
605,2015-08-29 05:49:12,3873
606,2015-08-30 05:49:12,4031
607,2015-08-31 05:49:12,4344
608,2015-09-01 05:49:12,2656
609,2015-09-02 05:49:12,3082
610,2015-09-03 05:49:12,3081
611,2015-09-04 05:49:12,3390
612,2015-09-05 05:49:12,3553
613,2015-09-06 05:49:12,3788
614,2015-09-07 05:49:12,4027
615,2015-09-08 05:49:12,2670
616,2015-09-09 05:49:12,3120
617,2015-09-10 05:49:12,3261
618,2015-09-11 05:49:12,3318
619,2015-09-12 05:49:12,3599
620,2015-09-13 05:49:12,3876
621,2015-09-14 05:49:12,4039
622,2015-09-15 05:49:12,2732
623,2015-09-16 05:49:12,3056
624,2015-09-17 05:49:12,3091
625,2015-09-18 05:49:12,3320
626,2015-09-19 05:49:12,3663
627,2015-09-20 05:49:12,3758
628,2015-09-21 05:49:12,3971
629,2015-09-22 05:49:12,2667
630,2015-09-23 05:49:12,3084
631,2015-09-24 05:49:12,3086
632,2015-09-25 05:49:12,3294
633,2015-09-26 05:49:12,3529
634,2015-09-27 05:49:12,3802
635,2015-09-28 05:49:12,4076
636,2015-09-29 05:49:12,2685
637,2015-09-30 05:49:12,3066
638,2015-10-01 05:49:12,2928
639,2015-10-02 05:49:12,3200
640,2015-10-03 05:49:12,3414
641,2015-10-04 05:49:12,3523
642,2015-10-05 05:49:12,3741
643,2015-10-06 05:49:12,2533
644,2015-10-07 05:49:12,2861
645,2015-10-08 05:49:12,2895
646,2015-10-09 05:49:12,3110
647,2015-10-10 05:49:12,3236
648,2015-10-11 05:49:12,3381
649,2015-10-12 05:49:12,3700
650,2015-10-13 05:49:12,2468
651,2015-10-14 05:49:12,2944
652,2015-10-15 05:49:12,3000
653,2015-10-16 05:49:12,3002
654,2015-10-17 05:49:12,3341
655,2015-10-18 05:49:12,3570
656,2015-10-19 05:49:12,3736
657,2015-10-20 05:49:12,2534
658,2015-10-21 05:49:12,3013
659,2015-10-22 05:49:12,2934
660,2015-10-23 05:49:12,3068
661,2015-10-24 05:49:12,3399
662,2015-10-25 05:49:12,3529
663,2015-10-26 05:49:12,3731
664,2015-10-27 05:49:12,2562
665,2015-10-28 05:49:12,2935
666,2015-10-29 05:49:12,2868
667,2015-10-30 05:49:12,3154
668,2015-10-31 05:49:12,3423
669,2015-11-01 05:49:12,3806
670,2015-11-02 05:49:12,3884
671,2015-11-03 05:49:12,2709
672,2015-11-04 05:49:12,3110
673,2015-11-05 05:49:12,3172
674,2015-11-06 05:49:12,3344
675,2015-11-07 05:49:12,3520
676,2015-11-08 05:49:12,3807
677,2015-11-09 05:49:12,4029
678,2015-11-10 05:49:12,2656
679,2015-11-11 05:49:12,3200
680,2015-11-12 05:49:12,3138
681,2015-11-13 05:49:12,3302
682,2015-11-14 05:49:12,3648
683,2015-11-15 05:49:12,3747
684,2015-11-16 05:49:12,4099
685,2015-11-17 05:49:12,2680
686,2015-11-18 05:49:12,3077
687,2015-11-19 05:49:12,3114
688,2015-11-20 05:49:12,3340
689,2015-11-21 05:49:12,3630
690,2015-11-22 05:49:12,3869
691,2015-11-23 05:49:12,4104
692,2015-11-24 05:49:12,2732
693,2015-11-25 05:49:12,3066
694,2015-11-26 05:49:12,3179
695,2015-11-27 05:49:12,3331
696,2015-11-28 05:49:12,3650
697,2015-11-29 05:49:12,3811
698,2015-11-30 05:49:12,4051
699,2015-12-01 05:49:12,1983
700,2015-12-02 05:49:12,2213
701,2015-12-03 05:49:12,2235
702,2015-12-04 05:49:12,2320
703,2015-12-05 05:49:12,2579
704,2015-12-06 05:49:12,2631
705,2015-12-07 05:49:12,2799
706,2015-12-08 05:49:12,1938
707,2015-12-09 05:49:12,2233
708,2015-12-10 05:49:12,2216
709,2015-12-11 05:49:12,2369
710,2015-12-12 05:49:12,2565
711,2015-12-13 05:49:12,2757
712,2015-12-14 05:49:12,2973
713,2015-12-15 05:49:12,1885
714,2015-12-16 05:49:12,2228
715,2015-12-17 05:49:12,2324
716,2015-12-18 05:49:12,2469
717,2015-12-19 05:49:12,2547
718,2015-12-20 05:49:12,2604
719,2015-12-21 05:49:12,2916
720,2015-12-22 05:49:12,1927
721,2015-12-23 05:49:12,2237
722,2015-12-24 05:49:12,2259
723,2015-12-25 05:49:12,2356
724,2015-12-26 05:49:12,2495
725,2015-12-27 05:49:12,2664
726,2015-12-28 05:49:12,2821
727,2015-12-29 05:49:12,1909
728,2015-12-30 05:49:12,2261
729,2015-12-31 05:49:12,2276
730,2016-01-01 05:49:12,2167
731,2016-01-02 05:49:12,2382
732,2016-01-03 05:49:12,2506
733,2016-01-04 05:49:12,2708
734,2016-01-05 05:49:12,1820
735,2016-01-06 05:49:12,2116
736,2016-01-07 05:49:12,2032
737,2016-01-08 05:49:12,2257
738,2016-01-09 05:49:12,2530
739,2016-01-10 05:49:12,2564
740,2016-01-11 05:49:12,2694
741,2016-01-12 05:49:12,1805
742,2016-01-13 05:49:12,2083
743,2016-01-14 05:49:12,2097
744,2016-01-15 05:49:12,2300
745,2016-01-16 05:49:12,2437
746,2016-01-17 05:49:12,2602
747,2016-01-18 05:49:12,2672
748,2016-01-19 05:49:12,1823
749,2016-01-20 05:49:12,2008
750,2016-01-21 05:49:12,2089
751,2016-01-22 05:49:12,2263
752,2016-01-23 05:49:12,2382
753,2016-01-24 05:49:12,2620
754,2016-01-25 05:49:12,2822
755,2016-01-26 05:49:12,1780
756,2016-01-27 05:49:12,2061
757,2016-01-28 05:49:12,2155
758,2016-01-29 05:49:12,2161
759,2016-01-30 05:49:12,2405
760,2016-01-31 05:49:12,2538
761,2016-02-01 05:49:12,3013
762,2016-02-02 05:49:12,2046
763,2016-02-03 05:49:12,2318
764,2016-02-04 05:49:12,2404
765,2016-02-05 05:49:12,2486
766,2016-02-06 05:49:12,2679
767,2016-02-07 05:49:12,2870
768,2016-02-08 05:49:12,2988
769,2016-02-09 05:49:12,1970
770,2016-02-10 05:49:12,2358
771,2016-02-11 05:49:12,2364
772,2016-02-12 05:49:12,2543
773,2016-02-13 05:49:12,2592
774,2016-02-14 05:49:12,2790
775,2016-02-15 05:49:12,2969
776,2016-02-16 05:49:12,1973
777,2016-02-17 05:49:12,2387
778,2016-02-18 05:49:12,2331
779,2016-02-19 05:49:12,2539
780,2016-02-20 05:49:12,2880
781,2016-02-21 05:49:12,2831
782,2016-02-22 05:49:12,2967
783,2016-02-23 05:49:12,1983
784,2016-02-24 05:49:12,2291
785,2016-02-25 05:49:12,2309
786,2016-02-26 05:49:12,2495
787,2016-02-27 05:49:12,2761
788,2016-02-28 05:49:12,2813
789,2016-02-29 05:49:12,3576
790,2016-03-01 05:49:12,2271
791,2016-03-02 05:49:12,2704
792,2016-03-03 05:49:12,2806
793,2016-03-04 05:49:12,3093
794,2016-03-05 05:49:12,3164
795,2016-03-06 05:49:12,3482
796,2016-03-07 05:49:12,3553
797,2016-03-08 05:49:12,2303
798,2016-03-09 05:49:12,2796
799,2016-03-10 05:49:12,2657
800,2016-03-11 05:49:12,3024
801,2016-03-12 05:49:12,3239
802,2016-03-13 05:49:12,3370
803,2016-03-14 05:49:12,3629
804,2016-03-15 05:49:12,2421
805,2016-03-16 05:49:12,2713
806,2016-03-17 05:49:12,2799
807,2016-03-18 05:49:12,2890
808,2016-03-19 05:49:12,3253
809,2016-03-20 05:49:12,3370
810,2016-03-21 05:49:12,3602
811,2016-03-22 05:49:12,2374
812,2016-03-23 05:49:12,2833
813,2016-03-24 05:49:12,2687
814,2016-03-25 05:49:12,2998
815,2016-03-26 05:49:12,3250
816,2016-03-27 05:49:12,3331
817,2016-03-28 05:49:12,3596
818,2016-03-29 05:49:12,2426
819,2016-03-30 05:49:12,2794
820,2016-03-31 05:49:12,3237
821,2016-04-01 05:49:12,3498
822,2016-04-02 05:49:12,3735
823,2016-04-03 05:49:12,3972
824,2016-04-04 05:49:12,4225
825,2016-04-05 05:49:12,2803
826,2016-04-06 05:49:12,3321
827,2016-04-07 05:49:12,3099
828,2016-04-08 05:49:12,3514
829,2016-04-09 05:49:12,3768
830,2016-04-10 05:49:12,4012
831,2016-04-11 05:49:12,4265
832,2016-04-12 05:49:12,2796
833,2016-04-13 05:49:12,3263
834,2016-04-14 05:49:12,3296
835,2016-04-15 05:49:12,3617
836,2016-04-16 05:49:12,3865
837,2016-04-17 05:49:12,4040
838,2016-04-18 05:49:12,4306
839,2016-04-19 05:49:12,2782
840,2016-04-20 05:49:12,3205
841,2016-04-21 05:49:12,3270
842,2016-04-22 05:49:12,3570
843,2016-04-23 05:49:12,3660
844,2016-04-24 05:49:12,3972
845,2016-04-25 05:49:12,4275
846,2016-04-26 05:49:12,2769
847,2016-04-27 05:49:12,3277
848,2016-04-28 05:49:12,3292
849,2016-04-29 05:49:12,3462
850,2016-04-30 05:49:12,4031
851,2016-05-01 05:49:12,4301
852,2016-05-02 05:49:12,4393
853,2016-05-03 05:49:12,2966
854,2016-05-04 05:49:12,3620
855,2016-05-05 05:49:12,3539
856,2016-05-06 05:49:12,3850
857,2016-05-07 05:49:12,3987
858,2016-05-08 05:49:12,4248
859,2016-05-09 05:49:12,4515
860,2016-05-10 05:49:12,3007
861,2016-05-11 05:49:12,3427
862,2016-05-12 05:49:12,3464
863,2016-05-13 05:49:12,3816
864,2016-05-14 05:49:12,4035
865,2016-05-15 05:49:12,4159
866,2016-05-16 05:49:12,4555
867,2016-05-17 05:49:12,2923
868,2016-05-18 05:49:12,3504
869,2016-05-19 05:49:12,3561
870,2016-05-20 05:49:12,3798
871,2016-05-21 05:49:12,3966
872,2016-05-22 05:49:12,4288
873,2016-05-23 05:49:12,4488
874,2016-05-24 05:49:12,2996
875,2016-05-25 05:49:12,3386
876,2016-05-26 05:49:12,3549
877,2016-05-27 05:49:12,3708
878,2016-05-28 05:49:12,4094
879,2016-05-29 05:49:12,4117
880,2016-05-30 05:49:12,4489
881,2016-05-31 05:49:12,3155
882,2016-06-01 05:49:12,3770
883,2016-06-02 05:49:12,3699
884,2016-06-03 05:49:12,4000
885,2016-06-04 05:49:12,4313
886,2016-06-05 05:49:12,4558
887,2016-06-06 05:49:12,4813
888,2016-06-07 05:49:12,3188
889,2016-06-08 05:49:12,3687
890,2016-06-09 05:49:12,3726
891,2016-06-10 05:49:12,4046
892,2016-06-11 05:49:12,4197
893,2016-06-12 05:49:12,4508
894,2016-06-13 05:49:12,4854
895,2016-06-14 05:49:12,3098
896,2016-06-15 05:49:12,3700
897,2016-06-16 05:49:12,3747
898,2016-06-17 05:49:12,3857
899,2016-06-18 05:49:12,4244
900,2016-06-19 05:49:12,4615
901,2016-06-20 05:49:12,4726
902,2016-06-21 05:49:12,3169
903,2016-06-22 05:49:12,3657
904,2016-06-23 05:49:12,3778
905,2016-06-24 05:49:12,4087
906,2016-06-25 05:49:12,4268
907,2016-06-26 05:49:12,4601
908,2016-06-27 05:49:12,4665
909,2016-06-28 05:49:12,3173
910,2016-06-29 05:49:12,3773
911,2016-06-30 05:49:12,4084
912,2016-07-01 05:49:12,4409
913,2016-07-02 05:49:12,4524
914,2016-07-03 05:49:12,4789
915,2016-07-04 05:49:12,5062
916,2016-07-05 05:49:12,3432
917,2016-07-06 05:49:12,3880
918,2016-07-07 05:49:12,3968
919,2016-07-08 05:49:12,4253
920,2016-07-09 05:49:12,4482
921,2016-07-10 05:49:12,4678
922,2016-07-11 05:49:12,5174
923,2016-07-12 05:49:12,3509
924,2016-07-13 05:49:12,3897
925,2016-07-14 05:49:12,4013
926,2016-07-15 05:49:12,4290
927,2016-07-16 05:49:12,4587
928,2016-07-17 05:49:12,4834
929,2016-07-18 05:49:12,5110
930,2016-07-19 05:49:12,3420
931,2016-07-20 05:49:12,3917
932,2016-07-21 05:49:12,3909
933,2016-07-22 05:49:12,4244
934,2016-07-23 05:49:12,4580
935,2016-07-24 05:49:12,4730
936,2016-07-25 05:49:12,5030
937,2016-07-26 05:49:12,3424
938,2016-07-27 05:49:12,3970
939,2016-07-28 05:49:12,4008
940,2016-07-29 05:49:12,4155
941,2016-07-30 05:49:12,4445
942,2016-07-31 05:49:12,4234
943,2016-08-01 05:49:12,4589
944,2016-08-02 05:49:12,3212
945,2016-08-03 05:49:12,3377
946,2016-08-04 05:49:12,3515
947,2016-08-05 05:49:12,3851
948,2016-08-06 05:49:12,4053
949,2016-08-07 05:49:12,4282
950,2016-08-08 05:49:12,4467
951,2016-08-09 05:49:12,2992
952,2016-08-10 05:49:12,3537
953,2016-08-11 05:49:12,3378
954,2016-08-12 05:49:12,3744
955,2016-08-13 05:49:12,3934
956,2016-08-14 05:49:12,4358
957,2016-08-15 05:49:12,4486
958,2016-08-16 05:49:12,3076
959,2016-08-17 05:49:12,3436
960,2016-08-18 05:49:12,3465
961,2016-08-19 05:49:12,3793
962,2016-08-20 05:49:12,4163
963,2016-08-21 05:49:12,4202
964,2016-08-22 05:49:12,4469
965,2016-08-23 05:49:12,3030
966,2016-08-24 05:49:12,3403
967,2016-08-25 05:49:12,3498
968,2016-08-26 05:49:12,3737
969,2016-08-27 05:49:12,4042
970,2016-08-28 05:49:12,4155
971,2016-08-29 05:49:12,4644
972,2016-08-30 05:49:12,3104
973,2016-08-31 05:49:12,3319
974,2016-09-01 05:49:12,3133
975,2016-09-02 05:49:12,3505
976,2016-09-03 05:49:12,3746
977,2016-09-04 05:49:12,4000
978,2016-09-05 05:49:12,4342
979,2016-09-06 05:49:12,2797
980,2016-09-07 05:49:12,3244
981,2016-09-08 05:49:12,3253
982,2016-09-09 05:49:12,3503
983,2016-09-10 05:49:12,3699
984,2016-09-11 05:49:12,3980
985,2016-09-12 05:49:12,4170
986,2016-09-13 05:49:12,2658
987,2016-09-14 05:49:12,3257
988,2016-09-15 05:49:12,3223
989,2016-09-16 05:49:12,3503
990,2016-09-17 05:49:12,3684
991,2016-09-18 05:49:12,3905
992,2016-09-19 05:49:12,4191
993,2016-09-20 05:49:12,2846
994,2016-09-21 05:49:12,3292
995,2016-09-22 05:49:12,3218
996,2016-09-23 05:49:12,3505
997,2016-09-24 05:49:12,3797
998,2016-09-25 05:49:12,3929
999,2016-09-26 05:49:12,4223
1000,2016-09-27 05:49:12,2793
1001,2016-09-28 05:49:12,3386
1002,2016-09-29 05:49:12,3322
1003,2016-09-30 05:49:12,3324
1004,2016-10-01 05:49:12,3551
1005,2016-10-02 05:49:12,3712
1006,2016-10-03 05:49:12,3800
1007,2016-10-04 05:49:12,2622
1008,2016-10-05 05:49:12,2961
1009,2016-10-06 05:49:12,3109
1010,2016-10-07 05:49:12,3263
1011,2016-10-08 05:49:12,3376
1012,2016-10-09 05:49:12,3624
1013,2016-10-10 05:49:12,3971
1014,2016-10-11 05:49:12,2662
1015,2016-10-12 05:49:12,3042
1016,2016-10-13 05:49:12,2954
1017,2016-10-14 05:49:12,3154
1018,2016-10-15 05:49:12,3501
1019,2016-10-16 05:49:12,3661
1020,2016-10-17 05:49:12,3864
1021,2016-10-18 05:49:12,2521
1022,2016-10-19 05:49:12,3033
1023,2016-10-20 05:49:12,3055
1024,2016-10-21 05:49:12,3233
1025,2016-10-22 05:49:12,3540
1026,2016-10-23 05:49:12,3626
1027,2016-10-24 05:49:12,3937
1028,2016-10-25 05:49:12,2661
1029,2016-10-26 05:49:12,3007
1030,2016-10-27 05:49:12,3078
1031,2016-10-28 05:49:12,3278
1032,2016-10-29 05:49:12,3477
1033,2016-10-30 05:49:12,3661
1034,2016-10-31 05:49:12,4307
1035,2016-11-01 05:49:12,2846
1036,2016-11-02 05:49:12,3292
1037,2016-11-03 05:49:12,3217
1038,2016-11-04 05:49:12,3581
1039,2016-11-05 05:49:12,3756
1040,2016-11-06 05:49:12,3903
1041,2016-11-07 05:49:12,4177
1042,2016-11-08 05:49:12,2831
1043,2016-11-09 05:49:12,3220
1044,2016-11-10 05:49:12,3317
1045,2016-11-11 05:49:12,3557
1046,2016-11-12 05:49:12,3748
1047,2016-11-13 05:49:12,3897
1048,2016-11-14 05:49:12,4191
1049,2016-11-15 05:49:12,2842
1050,2016-11-16 05:49:12,3233
1051,2016-11-17 05:49:12,3281
1052,2016-11-18 05:49:12,3421
1053,2016-11-19 05:49:12,3668
1054,2016-11-20 05:49:12,4003
1055,2016-11-21 05:49:12,4215
1056,2016-11-22 05:49:12,2734
1057,2016-11-23 05:49:12,3286
1058,2016-11-24 05:49:12,3271
1059,2016-11-25 05:49:12,3534
1060,2016-11-26 05:49:12,3721
1061,2016-11-27 05:49:12,3943
1062,2016-11-28 05:49:12,4185
1063,2016-11-29 05:49:12,2808
1064,2016-11-30 05:49:12,2293
1065,2016-12-01 05:49:12,2435
1066,2016-12-02 05:49:12,2521
1067,2016-12-03 05:49:12,2663
1068,2016-12-04 05:49:12,2986
1069,2016-12-05 05:49:12,3034
1070,2016-12-06 05:49:12,1979
1071,2016-12-07 05:49:12,2401
1072,2016-12-08 05:49:12,2324
1073,2016-12-09 05:49:12,2487
1074,2016-12-10 05:49:12,2668
1075,2016-12-11 05:49:12,2906
1076,2016-12-12 05:49:12,2993
1077,2016-12-13 05:49:12,2043
1078,2016-12-14 05:49:12,2313
1079,2016-12-15 05:49:12,2382
1080,2016-12-16 05:49:12,2487
1081,2016-12-17 05:49:12,2657
1082,2016-12-18 05:49:12,2696
1083,2016-12-19 05:49:12,3006
1084,2016-12-20 05:49:12,2030
1085,2016-12-21 05:49:12,2340
1086,2016-12-22 05:49:12,2323
1087,2016-12-23 05:49:12,2529
1088,2016-12-24 05:49:12,2580
1089,2016-12-25 05:49:12,2841
1090,2016-12-26 05:49:12,2968
1091,2016-12-27 05:49:12,1965
1092,2016-12-28 05:49:12,2366
1093,2016-12-29 05:49:12,2355
1094,2016-12-30 05:49:12,2463
1095,2016-12-31 05:49:12,2630
1096,2017-01-01 05:49:12,2703
1097,2017-01-02 05:49:12,2923
1098,2017-01-03 05:49:12,1940
1099,2017-01-04 05:49:12,2365
1100,2017-01-05 05:49:12,2226
1101,2017-01-06 05:49:12,2431
1102,2017-01-07 05:49:12,2593
1103,2017-01-08 05:49:12,2846
1104,2017-01-09 05:49:12,2960
1105,2017-01-10 05:49:12,1965
1106,2017-01-11 05:49:12,2259
1107,2017-01-12 05:49:12,2206
1108,2017-01-13 05:49:12,2412
1109,2017-01-14 05:49:12,2676
1110,2017-01-15 05:49:12,2841
1111,2017-01-16 05:49:12,2931
1112,2017-01-17 05:49:12,1945
1113,2017-01-18 05:49:12,2290
1114,2017-01-19 05:49:12,2253
1115,2017-01-20 05:49:12,2474
1116,2017-01-21 05:49:12,2616
1117,2017-01-22 05:49:12,2751
1118,2017-01-23 05:49:12,2921
1119,2017-01-24 05:49:12,2000
1120,2017-01-25 05:49:12,2192
1121,2017-01-26 05:49:12,2344
1122,2017-01-27 05:49:12,2421
1123,2017-01-28 05:49:12,2616
1124,2017-01-29 05:49:12,2722
1125,2017-01-30 05:49:12,2940
1126,2017-01-31 05:49:12,2103
1127,2017-02-01 05:49:12,2536
1128,2017-02-02 05:49:12,2595
1129,2017-02-03 05:49:12,2701
1130,2017-02-04 05:49:12,2904
1131,2017-02-05 05:49:12,3037
1132,2017-02-06 05:49:12,3132
1133,2017-02-07 05:49:12,2130
1134,2017-02-08 05:49:12,2573
1135,2017-02-09 05:49:12,2512
1136,2017-02-10 05:49:12,2693
1137,2017-02-11 05:49:12,2900
1138,2017-02-12 05:49:12,3069
1139,2017-02-13 05:49:12,3250
1140,2017-02-14 05:49:12,2138
1141,2017-02-15 05:49:12,2597
1142,2017-02-16 05:49:12,2543
1143,2017-02-17 05:49:12,2743
1144,2017-02-18 05:49:12,2935
1145,2017-02-19 05:49:12,3107
1146,2017-02-20 05:49:12,3185
1147,2017-02-21 05:49:12,2250
1148,2017-02-22 05:49:12,2518
1149,2017-02-23 05:49:12,2485
1150,2017-02-24 05:49:12,2805
1151,2017-02-25 05:49:12,2942
1152,2017-02-26 05:49:12,3116
1153,2017-02-27 05:49:12,3217
1154,2017-02-28 05:49:12,2135
1155,2017-03-01 05:49:12,3069
1156,2017-03-02 05:49:12,2955
1157,2017-03-03 05:49:12,3228
1158,2017-03-04 05:49:12,3443
1159,2017-03-05 05:49:12,3749
1160,2017-03-06 05:49:12,3978
1161,2017-03-07 05:49:12,2559
1162,2017-03-08 05:49:12,3069
1163,2017-03-09 05:49:12,3020
1164,2017-03-10 05:49:12,3211
1165,2017-03-11 05:49:12,3557
1166,2017-03-12 05:49:12,3745
1167,2017-03-13 05:49:12,3952
1168,2017-03-14 05:49:12,2603
1169,2017-03-15 05:49:12,3079
1170,2017-03-16 05:49:12,2956
1171,2017-03-17 05:49:12,3333
1172,2017-03-18 05:49:12,3541
1173,2017-03-19 05:49:12,3675
1174,2017-03-20 05:49:12,3837
1175,2017-03-21 05:49:12,2658
1176,2017-03-22 05:49:12,3179
1177,2017-03-23 05:49:12,2938
1178,2017-03-24 05:49:12,3210
1179,2017-03-25 05:49:12,3467
1180,2017-03-26 05:49:12,3688
1181,2017-03-27 05:49:12,3901
1182,2017-03-28 05:49:12,2687
1183,2017-03-29 05:49:12,3072
1184,2017-03-30 05:49:12,2993
1185,2017-03-31 05:49:12,3243
1186,2017-04-01 05:49:12,4125
1187,2017-04-02 05:49:12,4280
1188,2017-04-03 05:49:12,4636
1189,2017-04-04 05:49:12,2963
1190,2017-04-05 05:49:12,3564
1191,2017-04-06 05:49:12,3656
1192,2017-04-07 05:49:12,3776
1193,2017-04-08 05:49:12,3965
1194,2017-04-09 05:49:12,4279
1195,2017-04-10 05:49:12,4537
1196,2017-04-11 05:49:12,3004
1197,2017-04-12 05:49:12,3463
1198,2017-04-13 05:49:12,3578
1199,2017-04-14 05:49:12,3724
1200,2017-04-15 05:49:12,3953
1201,2017-04-16 05:49:12,4176
1202,2017-04-17 05:49:12,4646
1203,2017-04-18 05:49:12,3075
1204,2017-04-19 05:49:12,3542
1205,2017-04-20 05:49:12,3481
1206,2017-04-21 05:49:12,3702
1207,2017-04-22 05:49:12,4086
1208,2017-04-23 05:49:12,4283
1209,2017-04-24 05:49:12,4559
1210,2017-04-25 05:49:12,3136
1211,2017-04-26 05:49:12,3537
1212,2017-04-27 05:49:12,3469
1213,2017-04-28 05:49:12,3916
1214,2017-04-29 05:49:12,4035
1215,2017-04-30 05:49:12,4408
1216,2017-05-01 05:49:12,4845
1217,2017-05-02 05:49:12,3255
1218,2017-05-03 05:49:12,3839
1219,2017-05-04 05:49:12,3810
1220,2017-05-05 05:49:12,4105
1221,2017-05-06 05:49:12,4397
1222,2017-05-07 05:49:12,4676
1223,2017-05-08 05:49:12,4858
1224,2017-05-09 05:49:12,3287
1225,2017-05-10 05:49:12,3788
1226,2017-05-11 05:49:12,3807
1227,2017-05-12 05:49:12,4022
1228,2017-05-13 05:49:12,4277
1229,2017-05-14 05:49:12,4561
1230,2017-05-15 05:49:12,4703
1231,2017-05-16 05:49:12,3305
1232,2017-05-17 05:49:12,3735
1233,2017-05-18 05:49:12,3770
1234,2017-05-19 05:49:12,4013
1235,2017-05-20 05:49:12,4492
1236,2017-05-21 05:49:12,4663
1237,2017-05-22 05:49:12,4738
1238,2017-05-23 05:49:12,3272
1239,2017-05-24 05:49:12,3750
1240,2017-05-25 05:49:12,3784
1241,2017-05-26 05:49:12,4012
1242,2017-05-27 05:49:12,4194
1243,2017-05-28 05:49:12,4473
1244,2017-05-29 05:49:12,5051
1245,2017-05-30 05:49:12,3241
1246,2017-05-31 05:49:12,3880
1247,2017-06-01 05:49:12,3988
1248,2017-06-02 05:49:12,4351
1249,2017-06-03 05:49:12,4620
1250,2017-06-04 05:49:12,4913
1251,2017-06-05 05:49:12,5429
1252,2017-06-06 05:49:12,3481
1253,2017-06-07 05:49:12,4069
1254,2017-06-08 05:49:12,3952
1255,2017-06-09 05:49:12,4377
1256,2017-06-10 05:49:12,4558
1257,2017-06-11 05:49:12,4952
1258,2017-06-12 05:49:12,5153
1259,2017-06-13 05:49:12,3483
1260,2017-06-14 05:49:12,4022
1261,2017-06-15 05:49:12,4124
1262,2017-06-16 05:49:12,4412
1263,2017-06-17 05:49:12,4745
1264,2017-06-18 05:49:12,4690
1265,2017-06-19 05:49:12,5182
1266,2017-06-20 05:49:12,3486
1267,2017-06-21 05:49:12,4182
1268,2017-06-22 05:49:12,4202
1269,2017-06-23 05:49:12,4403
1270,2017-06-24 05:49:12,4658
1271,2017-06-25 05:49:12,4927
1272,2017-06-26 05:49:12,5368
1273,2017-06-27 05:49:12,3542
1274,2017-06-28 05:49:12,4044
1275,2017-06-29 05:49:12,3883
1276,2017-06-30 05:49:12,4339
1277,2017-07-01 05:49:12,5025
1278,2017-07-02 05:49:12,5247
1279,2017-07-03 05:49:12,5605
1280,2017-07-04 05:49:12,3643
1281,2017-07-05 05:49:12,4326
1282,2017-07-06 05:49:12,4298
1283,2017-07-07 05:49:12,4602
1284,2017-07-08 05:49:12,4908
1285,2017-07-09 05:49:12,5258
1286,2017-07-10 05:49:12,5589
1287,2017-07-11 05:49:12,3643
1288,2017-07-12 05:49:12,4254
1289,2017-07-13 05:49:12,4396
1290,2017-07-14 05:49:12,4652
1291,2017-07-15 05:49:12,4828
1292,2017-07-16 05:49:12,5285
1293,2017-07-17 05:49:12,5593
1294,2017-07-18 05:49:12,3679
1295,2017-07-19 05:49:12,4242
1296,2017-07-20 05:49:12,4390
1297,2017-07-21 05:49:12,4664
1298,2017-07-22 05:49:12,5043
1299,2017-07-23 05:49:12,5117
1300,2017-07-24 05:49:12,5415
1301,2017-07-25 05:49:12,3644
1302,2017-07-26 05:49:12,4305
1303,2017-07-27 05:49:12,4293
1304,2017-07-28 05:49:12,4673
1305,2017-07-29 05:49:12,4904
1306,2017-07-30 05:49:12,5225
1307,2017-07-31 05:49:12,5647
1308,2017-08-01 05:49:12,3283
1309,2017-08-02 05:49:12,3890
1310,2017-08-03 05:49:12,3878
1311,2017-08-04 05:49:12,4001
1312,2017-08-05 05:49:12,4370
1313,2017-08-06 05:49:12,4871
1314,2017-08-07 05:49:12,4854
1315,2017-08-08 05:49:12,3244
1316,2017-08-09 05:49:12,3805
1317,2017-08-10 05:49:12,3812
1318,2017-08-11 05:49:12,3981
1319,2017-08-12 05:49:12,4322
1320,2017-08-13 05:49:12,4621
1321,2017-08-14 05:49:12,4910
1322,2017-08-15 05:49:12,3305
1323,2017-08-16 05:49:12,3779
1324,2017-08-17 05:49:12,3714
1325,2017-08-18 05:49:12,4022
1326,2017-08-19 05:49:12,4414
1327,2017-08-20 05:49:12,4503
1328,2017-08-21 05:49:12,4884
1329,2017-08-22 05:49:12,3244
1330,2017-08-23 05:49:12,3801
1331,2017-08-24 05:49:12,3840
1332,2017-08-25 05:49:12,4072
1333,2017-08-26 05:49:12,4350
1334,2017-08-27 05:49:12,4591
1335,2017-08-28 05:49:12,4839
1336,2017-08-29 05:49:12,3273
1337,2017-08-30 05:49:12,3658
1338,2017-08-31 05:49:12,3854
1339,2017-09-01 05:49:12,3933
1340,2017-09-02 05:49:12,4021
1341,2017-09-03 05:49:12,4226
1342,2017-09-04 05:49:12,4623
1343,2017-09-05 05:49:12,2963
1344,2017-09-06 05:49:12,3491
1345,2017-09-07 05:49:12,3407
1346,2017-09-08 05:49:12,3790
1347,2017-09-09 05:49:12,4144
1348,2017-09-10 05:49:12,4294
1349,2017-09-11 05:49:12,4535
1350,2017-09-12 05:49:12,2948
1351,2017-09-13 05:49:12,3561
1352,2017-09-14 05:49:12,3457
1353,2017-09-15 05:49:12,3785
1354,2017-09-16 05:49:12,4145
1355,2017-09-17 05:49:12,4307
1356,2017-09-18 05:49:12,4644
1357,2017-09-19 05:49:12,3086
1358,2017-09-20 05:49:12,3489
1359,2017-09-21 05:49:12,3443
1360,2017-09-22 05:49:12,3733
1361,2017-09-23 05:49:12,4117
1362,2017-09-24 05:49:12,4294
1363,2017-09-25 05:49:12,4528
1364,2017-09-26 05:49:12,3042
1365,2017-09-27 05:49:12,3529
1366,2017-09-28 05:49:12,3606
1367,2017-09-29 05:49:12,3801
1368,2017-09-30 05:49:12,4076
1369,2017-10-01 05:49:12,3875
1370,2017-10-02 05:49:12,4127
1371,2017-10-03 05:49:12,2909
1372,2017-10-04 05:49:12,3296
1373,2017-10-05 05:49:12,3296
1374,2017-10-06 05:49:12,3466
1375,2017-10-07 05:49:12,3774
1376,2017-10-08 05:49:12,3999
1377,2017-10-09 05:49:12,4254
1378,2017-10-10 05:49:12,2744
1379,2017-10-11 05:49:12,3304
1380,2017-10-12 05:49:12,3311
1381,2017-10-13 05:49:12,3526
1382,2017-10-14 05:49:12,3748
1383,2017-10-15 05:49:12,4130
1384,2017-10-16 05:49:12,4316
1385,2017-10-17 05:49:12,2711
1386,2017-10-18 05:49:12,3282
1387,2017-10-19 05:49:12,3309
1388,2017-10-20 05:49:12,3530
1389,2017-10-21 05:49:12,3765
1390,2017-10-22 05:49:12,3994
1391,2017-10-23 05:49:12,4289
1392,2017-10-24 05:49:12,2800
1393,2017-10-25 05:49:12,3382
1394,2017-10-26 05:49:12,3205
1395,2017-10-27 05:49:12,3602
1396,2017-10-28 05:49:12,3849
1397,2017-10-29 05:49:12,4033
1398,2017-10-30 05:49:12,4091
1399,2017-10-31 05:49:12,2836
1400,2017-11-01 05:49:12,3497
1401,2017-11-02 05:49:12,3525
1402,2017-11-03 05:49:12,3848
1403,2017-11-04 05:49:12,4082
1404,2017-11-05 05:49:12,4337
1405,2017-11-06 05:49:12,4626
1406,2017-11-07 05:49:12,3026
1407,2017-11-08 05:49:12,3546
1408,2017-11-09 05:49:12,3679
1409,2017-11-10 05:49:12,3720
1410,2017-11-11 05:49:12,4106
1411,2017-11-12 05:49:12,4221
1412,2017-11-13 05:49:12,4605
1413,2017-11-14 05:49:12,3026
1414,2017-11-15 05:49:12,3458
1415,2017-11-16 05:49:12,3551
1416,2017-11-17 05:49:12,3763
1417,2017-11-18 05:49:12,4131
1418,2017-11-19 05:49:12,4306
1419,2017-11-20 05:49:12,4674
1420,2017-11-21 05:49:12,3008
1421,2017-11-22 05:49:12,3528
1422,2017-11-23 05:49:12,3514
1423,2017-11-24 05:49:12,3778
1424,2017-11-25 05:49:12,4062
1425,2017-11-26 05:49:12,4314
1426,2017-11-27 05:49:12,4547
1427,2017-11-28 05:49:12,3067
1428,2017-11-29 05:49:12,3584
1429,2017-11-30 05:49:12,3576
1430,2017-12-01 05:49:12,2743
1431,2017-12-02 05:49:12,2830
1432,2017-12-03 05:49:12,3147
1433,2017-12-04 05:49:12,3248
1434,2017-12-05 05:49:12,2193
1435,2017-12-06 05:49:12,2452
1436,2017-12-07 05:49:12,2480
1437,2017-12-08 05:49:12,2792
1438,2017-12-09 05:49:12,2841
1439,2017-12-10 05:49:12,3130
1440,2017-12-11 05:49:12,3194
1441,2017-12-12 05:49:12,2188
1442,2017-12-13 05:49:12,2549
1443,2017-12-14 05:49:12,2526
1444,2017-12-15 05:49:12,2732
1445,2017-12-16 05:49:12,2913
1446,2017-12-17 05:49:12,3055
1447,2017-12-18 05:49:12,3270
1448,2017-12-19 05:49:12,2215
1449,2017-12-20 05:49:12,2540
1450,2017-12-21 05:49:12,2445
1451,2017-12-22 05:49:12,2739
1452,2017-12-23 05:49:12,2815
1453,2017-12-24 05:49:12,3140
1454,2017-12-25 05:49:12,3194
1455,2017-12-26 05:49:12,2075
1456,2017-12-27 05:49:12,2462
1457,2017-12-28 05:49:12,2491
1458,2017-12-29 05:49:12,2801
1459,2017-12-30 05:49:12,2847
1460,2017-12-31 05:49:12,3092
1461,2018-01-01 05:49:12,3044
1462,2018-01-02 05:49:12,1967
1463,2018-01-03 05:49:12,2481
1464,2018-01-04 05:49:12,2348
1465,2018-01-05 05:49:12,2648
1466,2018-01-06 05:49:12,2677
1467,2018-01-07 05:49:12,2861
1468,2018-01-08 05:49:12,2988
1469,2018-01-09 05:49:12,2018
1470,2018-01-10 05:49:12,2471
1471,2018-01-11 05:49:12,2386
1472,2018-01-12 05:49:12,2458
1473,2018-01-13 05:49:12,2641
1474,2018-01-14 05:49:12,2835
1475,2018-01-15 05:49:12,3042
1476,2018-01-16 05:49:12,1912
1477,2018-01-17 05:49:12,2350
1478,2018-01-18 05:49:12,2355
1479,2018-01-19 05:49:12,2456
1480,2018-01-20 05:49:12,2701
1481,2018-01-21 05:49:12,2869
1482,2018-01-22 05:49:12,3030
1483,2018-01-23 05:49:12,2066
1484,2018-01-24 05:49:12,2427
1485,2018-01-25 05:49:12,2298
1486,2018-01-26 05:49:12,2493
1487,2018-01-27 05:49:12,2591
1488,2018-01-28 05:49:12,2788
1489,2018-01-29 05:49:12,2933
1490,2018-01-30 05:49:12,2025
1491,2018-01-31 05:49:12,2385
1492,2018-02-01 05:49:12,2675
1493,2018-02-02 05:49:12,2831
1494,2018-02-03 05:49:12,3026
1495,2018-02-04 05:49:12,3224
1496,2018-02-05 05:49:12,3413
1497,2018-02-06 05:49:12,2270
1498,2018-02-07 05:49:12,2630
1499,2018-02-08 05:49:12,2591
1500,2018-02-09 05:49:12,2749
1501,2018-02-10 05:49:12,2959
1502,2018-02-11 05:49:12,3259
1503,2018-02-12 05:49:12,3350
1504,2018-02-13 05:49:12,2184
1505,2018-02-14 05:49:12,2613
1506,2018-02-15 05:49:12,2676
1507,2018-02-16 05:49:12,2815
1508,2018-02-17 05:49:12,3079
1509,2018-02-18 05:49:12,3206
1510,2018-02-19 05:49:12,3391
1511,2018-02-20 05:49:12,2167
1512,2018-02-21 05:49:12,2563
1513,2018-02-22 05:49:12,2614
1514,2018-02-23 05:49:12,2828
1515,2018-02-24 05:49:12,3052
1516,2018-02-25 05:49:12,3289
1517,2018-02-26 05:49:12,3382
1518,2018-02-27 05:49:12,2231
1519,2018-02-28 05:49:12,2635
1520,2018-03-01 05:49:12,3179
1521,2018-03-02 05:49:12,3389
1522,2018-03-03 05:49:12,3640
1523,2018-03-04 05:49:12,3799
1524,2018-03-05 05:49:12,4048
1525,2018-03-06 05:49:12,2796
1526,2018-03-07 05:49:12,3137
1527,2018-03-08 05:49:12,3236
1528,2018-03-09 05:49:12,3439
1529,2018-03-10 05:49:12,3502
1530,2018-03-11 05:49:12,3790
1531,2018-03-12 05:49:12,4094
1532,2018-03-13 05:49:12,2755
1533,2018-03-14 05:49:12,3263
1534,2018-03-15 05:49:12,3168
1535,2018-03-16 05:49:12,3370
1536,2018-03-17 05:49:12,3646
1537,2018-03-18 05:49:12,3849
1538,2018-03-19 05:49:12,4081
1539,2018-03-20 05:49:12,2710
1540,2018-03-21 05:49:12,3208
1541,2018-03-22 05:49:12,3310
1542,2018-03-23 05:49:12,3299
1543,2018-03-24 05:49:12,3559
1544,2018-03-25 05:49:12,3796
1545,2018-03-26 05:49:12,4091
1546,2018-03-27 05:49:12,2724
1547,2018-03-28 05:49:12,3116
1548,2018-03-29 05:49:12,3205
1549,2018-03-30 05:49:12,3409
1550,2018-03-31 05:49:12,3475
1551,2018-04-01 05:49:12,4402
1552,2018-04-02 05:49:12,4722
1553,2018-04-03 05:49:12,3039
1554,2018-04-04 05:49:12,3619
1555,2018-04-05 05:49:12,3548
1556,2018-04-06 05:49:12,3896
1557,2018-04-07 05:49:12,4309
1558,2018-04-08 05:49:12,4449
1559,2018-04-09 05:49:12,4667
1560,2018-04-10 05:49:12,3223
1561,2018-04-11 05:49:12,3599
1562,2018-04-12 05:49:12,3705
1563,2018-04-13 05:49:12,3870
1564,2018-04-14 05:49:12,4240
1565,2018-04-15 05:49:12,4512
1566,2018-04-16 05:49:12,4647
1567,2018-04-17 05:49:12,3089
1568,2018-04-18 05:49:12,3547
1569,2018-04-19 05:49:12,3724
1570,2018-04-20 05:49:12,4026
1571,2018-04-21 05:49:12,4173
1572,2018-04-22 05:49:12,4401
1573,2018-04-23 05:49:12,4746
1574,2018-04-24 05:49:12,3194
1575,2018-04-25 05:49:12,3724
1576,2018-04-26 05:49:12,3674
1577,2018-04-27 05:49:12,3820
1578,2018-04-28 05:49:12,4286
1579,2018-04-29 05:49:12,4508
1580,2018-04-30 05:49:12,4672
1581,2018-05-01 05:49:12,3292
1582,2018-05-02 05:49:12,4097
1583,2018-05-03 05:49:12,3965
1584,2018-05-04 05:49:12,4134
1585,2018-05-05 05:49:12,4498
1586,2018-05-06 05:49:12,4747
1587,2018-05-07 05:49:12,5065
1588,2018-05-08 05:49:12,3477
1589,2018-05-09 05:49:12,3958
1590,2018-05-10 05:49:12,4010
1591,2018-05-11 05:49:12,4253
1592,2018-05-12 05:49:12,4440
1593,2018-05-13 05:49:12,4723
1594,2018-05-14 05:49:12,5033
1595,2018-05-15 05:49:12,3325
1596,2018-05-16 05:49:12,3937
1597,2018-05-17 05:49:12,3929
1598,2018-05-18 05:49:12,4240
1599,2018-05-19 05:49:12,4574
1600,2018-05-20 05:49:12,4792
1601,2018-05-21 05:49:12,5100
1602,2018-05-22 05:49:12,3342
1603,2018-05-23 05:49:12,3798
1604,2018-05-24 05:49:12,3923
1605,2018-05-25 05:49:12,4238
1606,2018-05-26 05:49:12,4625
1607,2018-05-27 05:49:12,4853
1608,2018-05-28 05:49:12,5039
1609,2018-05-29 05:49:12,3369
1610,2018-05-30 05:49:12,3782
1611,2018-05-31 05:49:12,3916
1612,2018-06-01 05:49:12,4498
1613,2018-06-02 05:49:12,4720
1614,2018-06-03 05:49:12,5145
1615,2018-06-04 05:49:12,5387
1616,2018-06-05 05:49:12,3632
1617,2018-06-06 05:49:12,4251
1618,2018-06-07 05:49:12,4269
1619,2018-06-08 05:49:12,4529
1620,2018-06-09 05:49:12,4776
1621,2018-06-10 05:49:12,5179
1622,2018-06-11 05:49:12,5379
1623,2018-06-12 05:49:12,3493
1624,2018-06-13 05:49:12,4208
1625,2018-06-14 05:49:12,4311
1626,2018-06-15 05:49:12,4493
1627,2018-06-16 05:49:12,4754
1628,2018-06-17 05:49:12,5090
1629,2018-06-18 05:49:12,5415
1630,2018-06-19 05:49:12,3558
1631,2018-06-20 05:49:12,4108
1632,2018-06-21 05:49:12,4191
1633,2018-06-22 05:49:12,4505
1634,2018-06-23 05:49:12,4732
1635,2018-06-24 05:49:12,5080
1636,2018-06-25 05:49:12,5408
1637,2018-06-26 05:49:12,3604
1638,2018-06-27 05:49:12,4142
1639,2018-06-28 05:49:12,4198
1640,2018-06-29 05:49:12,4521
1641,2018-06-30 05:49:12,4779
1642,2018-07-01 05:49:12,5433
1643,2018-07-02 05:49:12,5771
1644,2018-07-03 05:49:12,3847
1645,2018-07-04 05:49:12,4441
1646,2018-07-05 05:49:12,4412
1647,2018-07-06 05:49:12,4852
1648,2018-07-07 05:49:12,5086
1649,2018-07-08 05:49:12,5317
1650,2018-07-09 05:49:12,5689
1651,2018-07-10 05:49:12,3911
1652,2018-07-11 05:49:12,4487
1653,2018-07-12 05:49:12,4328
1654,2018-07-13 05:49:12,4669
1655,2018-07-14 05:49:12,5003
1656,2018-07-15 05:49:12,5368
1657,2018-07-16 05:49:12,5765
1658,2018-07-17 05:49:12,3811
1659,2018-07-18 05:49:12,4374
1660,2018-07-19 05:49:12,4475
1661,2018-07-20 05:49:12,4725
1662,2018-07-21 05:49:12,5246
1663,2018-07-22 05:49:12,5500
1664,2018-07-23 05:49:12,5839
1665,2018-07-24 05:49:12,3854
1666,2018-07-25 05:49:12,4597
1667,2018-07-26 05:49:12,4483
1668,2018-07-27 05:49:12,4853
1669,2018-07-28 05:49:12,5043
1670,2018-07-29 05:49:12,5396
1671,2018-07-30 05:49:12,5755
1672,2018-07-31 05:49:12,3775
1673,2018-08-01 05:49:12,3936
1674,2018-08-02 05:49:12,3880
1675,2018-08-03 05:49:12,4252
1676,2018-08-04 05:49:12,4447
1677,2018-08-05 05:49:12,4775
1678,2018-08-06 05:49:12,5000
1679,2018-08-07 05:49:12,3369
1680,2018-08-08 05:49:12,4016
1681,2018-08-09 05:49:12,3945
1682,2018-08-10 05:49:12,4343
1683,2018-08-11 05:49:12,4609
1684,2018-08-12 05:49:12,4785
1685,2018-08-13 05:49:12,4984
1686,2018-08-14 05:49:12,3350
1687,2018-08-15 05:49:12,3846
1688,2018-08-16 05:49:12,3944
1689,2018-08-17 05:49:12,4311
1690,2018-08-18 05:49:12,4548
1691,2018-08-19 05:49:12,4775
1692,2018-08-20 05:49:12,5173
1693,2018-08-21 05:49:12,3340
1694,2018-08-22 05:49:12,3904
1695,2018-08-23 05:49:12,4018
1696,2018-08-24 05:49:12,4214
1697,2018-08-25 05:49:12,4506
1698,2018-08-26 05:49:12,4966
1699,2018-08-27 05:49:12,5263
1700,2018-08-28 05:49:12,3322
1701,2018-08-29 05:49:12,4019
1702,2018-08-30 05:49:12,3875
1703,2018-08-31 05:49:12,4148
1704,2018-09-01 05:49:12,4142
1705,2018-09-02 05:49:12,4404
1706,2018-09-03 05:49:12,4675
1707,2018-09-04 05:49:12,3137
1708,2018-09-05 05:49:12,3603
1709,2018-09-06 05:49:12,3750
1710,2018-09-07 05:49:12,3869
1711,2018-09-08 05:49:12,4229
1712,2018-09-09 05:49:12,4478
1713,2018-09-10 05:49:12,4694
1714,2018-09-11 05:49:12,3103
1715,2018-09-12 05:49:12,3656
1716,2018-09-13 05:49:12,3724
1717,2018-09-14 05:49:12,4081
1718,2018-09-15 05:49:12,4145
1719,2018-09-16 05:49:12,4546
1720,2018-09-17 05:49:12,4854
1721,2018-09-18 05:49:12,3131
1722,2018-09-19 05:49:12,3605
1723,2018-09-20 05:49:12,3680
1724,2018-09-21 05:49:12,3914
1725,2018-09-22 05:49:12,4126
1726,2018-09-23 05:49:12,4448
1727,2018-09-24 05:49:12,4792
1728,2018-09-25 05:49:12,3205
1729,2018-09-26 05:49:12,3626
1730,2018-09-27 05:49:12,3715
1731,2018-09-28 05:49:12,3989
1732,2018-09-29 05:49:12,4233
1733,2018-09-30 05:49:12,4484
1734,2018-10-01 05:49:12,4423
1735,2018-10-02 05:49:12,2930
1736,2018-10-03 05:49:12,3433
1737,2018-10-04 05:49:12,3344
1738,2018-10-05 05:49:12,3695
1739,2018-10-06 05:49:12,3882
1740,2018-10-07 05:49:12,4098
1741,2018-10-08 05:49:12,4268
1742,2018-10-09 05:49:12,2901
1743,2018-10-10 05:49:12,3342
1744,2018-10-11 05:49:12,3413
1745,2018-10-12 05:49:12,3703
1746,2018-10-13 05:49:12,3973
1747,2018-10-14 05:49:12,4187
1748,2018-10-15 05:49:12,4371
1749,2018-10-16 05:49:12,2964
1750,2018-10-17 05:49:12,3413
1751,2018-10-18 05:49:12,3529
1752,2018-10-19 05:49:12,3754
1753,2018-10-20 05:49:12,3877
1754,2018-10-21 05:49:12,4162
1755,2018-10-22 05:49:12,4422
1756,2018-10-23 05:49:12,3020
1757,2018-10-24 05:49:12,3424
1758,2018-10-25 05:49:12,3499
1759,2018-10-26 05:49:12,3629
1760,2018-10-27 05:49:12,3861
1761,2018-10-28 05:49:12,4191
1762,2018-10-29 05:49:12,4385
1763,2018-10-30 05:49:12,2954
1764,2018-10-31 05:49:12,3445
1765,2018-11-01 05:49:12,3525
1766,2018-11-02 05:49:12,4013
1767,2018-11-03 05:49:12,4206
1768,2018-11-04 05:49:12,4384
1769,2018-11-05 05:49:12,4834
1770,2018-11-06 05:49:12,3133
1771,2018-11-07 05:49:12,3733
1772,2018-11-08 05:49:12,3652
1773,2018-11-09 05:49:12,3905
1774,2018-11-10 05:49:12,4195
1775,2018-11-11 05:49:12,4405
1776,2018-11-12 05:49:12,4740
1777,2018-11-13 05:49:12,3110
1778,2018-11-14 05:49:12,3762
1779,2018-11-15 05:49:12,3746
1780,2018-11-16 05:49:12,3960
1781,2018-11-17 05:49:12,4141
1782,2018-11-18 05:49:12,4466
1783,2018-11-19 05:49:12,4716
1784,2018-11-20 05:49:12,3144
1785,2018-11-21 05:49:12,3827
1786,2018-11-22 05:49:12,3679
1787,2018-11-23 05:49:12,4003
1788,2018-11-24 05:49:12,4258
1789,2018-11-25 05:49:12,4475
1790,2018-11-26 05:49:12,4853
1791,2018-11-27 05:49:12,3144
1792,2018-11-28 05:49:12,3707
1793,2018-11-29 05:49:12,3654
1794,2018-11-30 05:49:12,3988
1795,2018-12-01 05:49:12,3022
1796,2018-12-02 05:49:12,3165
1797,2018-12-03 05:49:12,3451
1798,2018-12-04 05:49:12,2220
1799,2018-12-05 05:49:12,2602
1800,2018-12-06 05:49:12,2549
1801,2018-12-07 05:49:12,2870
1802,2018-12-08 05:49:12,2952
1803,2018-12-09 05:49:12,3129
1804,2018-12-10 05:49:12,3417
1805,2018-12-11 05:49:12,2213
1806,2018-12-12 05:49:12,2595
1807,2018-12-13 05:49:12,2670
1808,2018-12-14 05:49:12,2808
1809,2018-12-15 05:49:12,3029
1810,2018-12-16 05:49:12,3276
1811,2018-12-17 05:49:12,3322
1812,2018-12-18 05:49:12,2257
1813,2018-12-19 05:49:12,2695
1814,2018-12-20 05:49:12,2671
1815,2018-12-21 05:49:12,2886
1816,2018-12-22 05:49:12,3054
1817,2018-12-23 05:49:12,3233
1818,2018-12-24 05:49:12,3347
1819,2018-12-25 05:49:12,2318
1820,2018-12-26 05:49:12,2581
1821,2018-12-27 05:49:12,2624
1822,2018-12-28 05:49:12,2839
1823,2018-12-29 05:49:12,3025
1824,2018-12-30 05:49:12,3151
1825,2018-12-31 05:49:12,3370
